Cluster,Cluster_Size,Avg_Age,Avg_Annual_Income,Avg_Spending_Score
0,67,0.9747951632670019,-0.5711285990042572,-0.42958664345565895
1,66,-0.8819691211444091,-0.5036976671431342,0.25575173632384396
2,39,-0.44191719296133997,0.9915830476839199,1.239502753794833
3,28,0.3619091636476467,1.1727829751806855,-1.3013541744229669
